[
      {
        "name": "FCNM",
        "dscr": "Lorem ipsum dolor sit amet, consectetur adipiscing elit. Nulla quam velit, vulpu tate eu pharetra nec, mattis ac neque. Duis vulputate commodo lectus, ac blandit elit tincidunt id. Sed rhoncus, tortor sed eleifend tristique, tortor mauris mo lestie elit, et lacinia ipsum quam nec dui. Quisque nec mauris sit amet elit iac ulis pretium sit amet quis magna. Aenean velit odio, elementum in tempus ut, veh icula eu diam. Pellentesque rhoncus aliquam mattis.",
        "restaurants": [
          { 
            "latitude": -2.14552336,
            "longitude": -79.96629787,
            "name": "CELEX",
            "status": "Open",
            "img": "http://via.placeholder.com/500x500",
            "likes": 22,
            "liked": true
          }, {
            "latitude": -2.14958065,
            "longitude": -79.96521124,
            "name": "COCA COLA",
            "status": "Open",
            "img": "http://via.placeholder.com/500x500",
            "likes": 22,
            "liked": true
          }, {
            "latitude": -2.1457763,
            "longitude": -79.96289511,
            "name": "CELEX",
            "status": "Open",
            "img": "http://via.placeholder.com/500x500",
            "likes": 22,
            "liked": true
          }
        ]
      }, {
        "name": "FCNM",
        "dscr": "Lorem ipsum dolor sit amet, consectetur adipiscing elit. Nulla quam velit, vulpu tate eu pharetra nec, mattis ac neque. Duis vulputate commodo lectus, ac blandit elit tincidunt id. Sed rhoncus, tortor sed eleifend tristique, tortor mauris mo lestie elit, et lacinia ipsum quam nec dui. Quisque nec mauris sit amet elit iac ulis pretium sit amet quis magna. Aenean velit odio, elementum in tempus ut, veh icula eu diam. Pellentesque rhoncus aliquam mattis.",
        "restaurants": [
          { 
            "latitude": -2.15157026,
            "longitude": -79.96637959,
            "name": "CELEX",
            "status": "Open",
            "img": "http://via.placeholder.com/500x500",
            "likes": 22,
            "liked": true
          }, {
            "latitude": -2.14599519,
            "longitude": -79.96305861,
            "name": "COCA COLA",
            "status": "Open",
            "img": "http://via.placeholder.com/500x500",
            "likes": 22,
            "liked": true
          }, {
            "latitude": -2.14839456,
            "longitude": -79.9609991,
            "name": "CELEX",
            "status": "Open",
            "img": "http://via.placeholder.com/500x500",
            "likes": 22,
            "liked": true
          }
        ]
      }, {
        "name": "FCNM",
        "dscr": "Lorem ipsum dolor sit amet, consectetur adipiscing elit. Nulla quam velit, vulpu tate eu pharetra nec, mattis ac neque. Duis vulputate commodo lectus, ac blandit elit tincidunt id. Sed rhoncus, tortor sed eleifend tristique, tortor mauris mo lestie elit, et lacinia ipsum quam nec dui. Quisque nec mauris sit amet elit iac ulis pretium sit amet quis magna. Aenean velit odio, elementum in tempus ut, veh icula eu diam. Pellentesque rhoncus aliquam mattis.",
        "restaurants": [
          { 
            "latitude": -2.15224673,
            "longitude": -79.96369803,
            "name": "CELEX",
            "status": "Open",
            "img": "http://via.placeholder.com/500x500",
            "likes": 20,
            "liked": true
          }, {
            "latitude": -2.14864312,
            "longitude": -79.96736443,
            "name": "COCA COLA",
            "status": "Open",
            "img": "http://via.placeholder.com/500x500",
            "likes": 22,
            "liked": true
          }, {
            "latitude": -2.14906152,
            "longitude": -79.96136477,
            "name": "CELEX",
            "status": "Open",
            "img": "http://via.placeholder.com/500x500",
            "likes": 22,
            "liked": true
          }
        ]
      }, {
        "name": "FCNM",
        "dscr": "Lorem ipsum dolor sit amet, consectetur adipiscing elit. Nulla quam velit, vulpu tate eu pharetra nec, mattis ac neque. Duis vulputate commodo lectus, ac blandit elit tincidunt id. Sed rhoncus, tortor sed eleifend tristique, tortor mauris mo lestie elit, et lacinia ipsum quam nec dui. Quisque nec mauris sit amet elit iac ulis pretium sit amet quis magna. Aenean velit odio, elementum in tempus ut, veh icula eu diam. Pellentesque rhoncus aliquam mattis.",
        "restaurants": [
          { 
            "latitude": -2.14744321,
            "longitude": -79.96539643,
            "name": "CELEX",
            "status": "Open",
            "img": "http://via.placeholder.com/500x500",
            "likes": 22,
            "liked": true
          }, {
            "latitude": -2.15140184,
            "longitude": -79.96311542,
            "name": "COCA COLA",
            "status": "Open",
            "img": "http://via.placeholder.com/500x500",
            "likes": 22,
            "liked": true
          }, {
            "latitude": -2.14599944,
            "longitude": -79.96715294,
            "name": "CELEX",
            "status": "Open",
            "img": "http://via.placeholder.com/500x500",
            "likes": 22,
            "liked": true
          }
        ]
      }
    ]