{
	"name": "photobox",
	"title": "jQuery Photobox",
	"description": "A lightweight CSS3 image gallery plugin for jQuery that is pretty to look and and easy to use.",
	"keywords": ["images","gallery","css3","animation","lightbox","effects","flipping"],
	"version": "1.7.1",
	"author": {
		"name": "Yair Even Or",
		"url": "http://dropthebit.com"
	},
	"maintainers": [
	{
		"name": "Yair Even Or",
		"email": "vsync.design@gmail.com"
	}
	],
	"bugs": "https://github.com/yairEO/photobox/issues",
	"homepage": "https://github.com/yairEO/photobox",
	"docs": "https://github.com/yairEO/photobox",
	"download": "https://github.com/yairEO/photobox",
	"dependencies": {
		"jquery": ">=1.7"
	}
}
